model_name,f1_micro,f1_macro,f1_weighted,precision_micro,precision_macro,recall_micro,recall_macro,prediction_time,training_time
Logistic-Regression,0.7971084673742808,0.43211436945238574,0.7688164162577348,0.9257435273851142,0.7488894065444206,0.6998605748605748,0.34764591200866174,0.35492992401123047,9.795908212661743
SGD-Classifier,0.7076582962873964,0.23782269245819027,0.6462196501184111,0.949496382465598,0.5260393180139243,0.5640053318624747,0.18198388204421748,0.3490281105041504,6.660980939865112
Random-Forest,0.49225774368530256,0.11112210604282508,0.4162759473906357,0.9695359466822777,0.4803453577521659,0.32987068701354416,0.07725814390523411,2.21117901802063,13.412091970443726
Naive-Bayes,0.5753597122302159,0.10914413926701784,0.47892067977878783,0.9295603719403801,0.23782942212956998,0.41661304161304163,0.08425329312843632,16.525618076324463,22.281622171401978
Decision-Tree,0.7352626114471233,0.5119082536573347,0.7270363361643642,0.7954180780887858,0.5696819583676809,0.683566219280505,0.47233495021110433,0.2575674057006836,15.321519374847412
DNN (Our Model),0.856779614605256,0.6620584794344533,0.8529062501832789,0.8754016850788982,0.7483387086541017,0.8389333210761782,0.6216659412088444,0.0,0.0
