model_name,f1_micro,f1_macro,f1_weighted,precision_micro,precision_macro,recall_micro,recall_macro,prediction_time,training_time
Logistic-Regression,0.6096322511155562,0.5886823524904755,0.5989257705418964,0.7259069256137779,0.6982231074388467,0.5254641909814324,0.5153444868552441,0.041425466537475586,36.20045328140259
SGD-Classifier,0.6001783590963139,0.5840027795498103,0.5955648328419741,0.6825557809330629,0.7054301936482819,0.5355437665782493,0.5251557538430196,0.01506805419921875,2.9434311389923096
Random-Forest,0.18836432999523128,0.16351665425396733,0.17133738436886037,0.9316037735849056,0.9074778637202572,0.10477453580901856,0.0999215906443874,0.5020942687988281,121.52458596229553
Decision-Tree,0.2833543329133417,0.2774520036902719,0.2834103937113686,0.30002964719833974,0.29689293261116856,0.26843501326259944,0.2626680948453634,0.12213444709777832,66.1210196018219
DNN (Our Model),0.43366085154735645,0.4795087454949244,0.4872272050893312,0.289875793047985,0.3591762573661687,0.8604774535809019,0.8613709580949637,0.0,0.0
