model_name,f1_micro,f1_macro,f1_weighted,precision_micro,precision_macro,recall_micro,recall_macro,prediction_time,training_time
Logistic-Regression,0.8155655226561019,0.642050349839484,0.7943146429916734,0.9298296156062227,0.8925187919979771,0.7263112211274171,0.5352242366487393,0.10498285293579102,4.502922296524048
SGD-Classifier,0.7296629592515056,0.4067603049755802,0.6751277228899634,0.9532092492741601,0.8541734352365624,0.5910501020686995,0.31335641142664006,0.10120487213134766,1.3485093116760254
Random-Forest,0.5082920116728749,0.17152633673964313,0.4329966071410854,0.9700701833823863,0.653327536632215,0.34436532557504057,0.11850952056230925,2.4440698623657227,84.12011981010437
Naive-Bayes,0.5971057139092626,0.19132895438057437,0.503237308184808,0.9420711637736895,0.42139400287443585,0.4370629932650732,0.14780623484937713,28.090868949890137,74.9580283164978
Decision-Tree,0.7488086312832312,0.6324011192747636,0.7414708662169908,0.8071149916403493,0.6896306205172243,0.6983588639030428,0.5892405075551155,0.2027912139892578,78.7815477848053
DNN (Our Model),0.8010537331745516,0.7134250008517368,0.8188887210191829,0.7269262005187184,0.6245372115961629,0.8920161381061836,0.85826156926717,0.0,0.0
