model_name,f1_micro,f1_macro,f1_weighted,precision_micro,precision_macro,recall_micro,recall_macro,prediction_time,training_time
Logistic-Regression,0.7995757431587494,0.4254400546952714,0.7705362519704128,0.9274825199609136,0.7599053830919763,0.7026720163251529,0.34402952469178294,1.2700905799865723,102.10861992835999
SGD-Classifier,0.710764451566635,0.24139659789252765,0.6498433490896316,0.9511009519400481,0.525547106877222,0.5673892029980591,0.18545023777754835,1.2606070041656494,3.837786912918091
Random-Forest,0.49230015990929404,0.11150710744084237,0.41610223903899735,0.9707763794553882,0.5818330951966616,0.3297654026436314,0.07783699416233085,30.7396342754364,121.93556880950928
Naive-Bayes,0.577898165337632,0.11043779389821944,0.4828843111149107,0.9289328026302934,0.2309787308497853,0.4194079830611196,0.08527252655278304,545.181488275528,164.7308259010315
Decision-Tree,0.735905423426856,0.5065853553818994,0.7280059417137409,0.79461194099555,0.5621308718251673,0.6852766760515838,0.4680569032652274,1.542574167251587,117.08261632919312
DNN (Our Model),0.8235249656355577,0.6397548819172287,0.840474978829666,0.7600665152498378,0.5510365169924375,0.898545082124418,0.8262351612526188,19.35703730583191,0.0
