model_name,f1_micro,f1_macro,f1_weighted,precision_micro,precision_macro,recall_micro,recall_macro,prediction_time,training_time
Logistic-Regression,0.6064059131506006,0.5852589412750941,0.5953897251317646,0.722834067547724,0.6947379707770652,0.5222811671087533,0.5123130875190588,0.0352170467376709,13.867294549942017
SGD-Classifier,0.6015059796249815,0.5861174812788447,0.597739503235965,0.6783216783216783,0.7049884169415037,0.5403183023872679,0.5298191655554002,0.012270689010620117,2.930418014526367
Random-Forest,0.18836432999523128,0.16351665425396733,0.17133738436886037,0.9316037735849056,0.9074778637202572,0.10477453580901856,0.0999215906443874,0.4271125793457031,115.3112256526947
Decision-Tree,0.2833543329133417,0.2774520036902719,0.2834103937113686,0.30002964719833974,0.29689293261116856,0.26843501326259944,0.2626680948453634,0.1214597225189209,63.89992141723633
DNN (Our Model),0.43366085154735645,0.4795087454949244,0.4872272050893312,0.289875793047985,0.3591762573661687,0.8604774535809019,0.8613709580949637,0.0,0.0
