model_name,f1_micro,f1_macro,f1_weighted,precision_micro,precision_macro,recall_micro,recall_macro,prediction_time,training_time
Logistic-Regression,0.8004782621976497,0.42349452667243365,0.7714440381123256,0.9282273408088086,0.763911697217158,0.703638637217973,0.34338514229027334,1.2694530487060547,104.23353004455566
SGD-Classifier,0.7107156630356299,0.24088123170251816,0.6491505652961213,0.9512119038966802,0.5258535183401103,0.5672875543724252,0.1852454663127794,1.2641534805297852,3.867886781692505
Random-Forest,0.4953295611474383,0.11281117074563286,0.4199319044979635,0.9727178807649549,0.605966902720795,0.33226250661675016,0.07860009485386962,30.10907220840454,121.76223254203796
Naive-Bayes,0.5774607250155511,0.11016706786253386,0.4816443195719201,0.9316296985898892,0.23662650362758125,0.4184010862977653,0.08493635346995679,530.8523824214935,160.77451872825623
Decision-Tree,0.7365292867532243,0.5157895166937617,0.7282501594078465,0.7942614622111984,0.570207652505472,0.6866211229679864,0.478496597128497,1.520256519317627,119.6902813911438
DNN (Our Model),0.8040824261608254,0.6023521014597056,0.829131840988748,0.7264215030136096,0.5085792050950949,0.9003363994138902,0.8297461540417648,20.40035629272461,0.0
